"","x"
"1","QAc-W-0006"
"2","QAc-W-0016"
"3","QAc-W-0019"
"4","QAc-W-0030"
"5","QAc-W-0031"
"6","QAc-W-0034"
"7","QAc-W-0036"
"8","QAc-W-0039"
"9","QAc-W-0043"
"10","QAc-W-0046"
"11","QAc-W-0047"
"12","QAc-W-0049"
"13","QAc-W-0055"
"14","QAc-W-0058"
"15","QAc-W-0059"
"16","QAc-W-0067"
"17","QAc-W-0068"
"18","QAc-W-0069"
"19","QAc-W-0070"
"20","QAc-W-0071"
"21","QAc-W-0074"
"22","QAc-W-0075"
"23","QAc-W-0076"
"24","QAc-W-0080"
"25","QAc-W-0084"
"26","QAc-W-0085"
"27","QAc-W-0089"
"28","QAc-W-0090"
"29","QAc-W-0091"
"30","QAc-W-0095"
"31","QAc-W-0096"
"32","QAc-W-0098"
"33","QAc-W-0100"
"34","QAc-W-0101"
"35","QAc-W-0104"
"36","QAc-W-0105"
"37","QAc-W-0106"
"38","QAc-W-0108"
"39","QAc-W-0109"
"40","QAc-W-0110"
"41","QAc-W-0111"
"42","QAc-W-0112"
"43","QAc-W-0113"
"44","QAc-W-0114"
"45","QAc-W-0126"
"46","QAc-W-0127"
"47","QAc-W-0128"
"48","QAc-W-0129"
"49","QAc-W-0130"
"50","QAc-W-0131"
"51","QAc-W-0133"
"52","QAc-W-0137"
"53","QAc-W-0139"
"54","QAc-W-0144"
"55","QAc-W-0146"
"56","QAc-W-0147"
"57","QAc-W-0155"
"58","QAc-W-0156"
"59","QAc-W-0161"
"60","QAc-W-0165"
"61","QAc-W-0166"
"62","QAc-W-0171"
